x1,y1,x2,y2,orientation,length
120,92,5010,92,horizontal,4890.0
0,5,5093,5,horizontal,5093.0
120,2914,5010,2914,horizontal,4890.0
0,3299,5093,3299,horizontal,5093.0
3314,2918,5010,2918,horizontal,1696.0
100,3233,5010,3233,horizontal,4910.0
0,0,5093,0,horizontal,5093.0
121,88,5009,88,horizontal,4888.0
121,3237,5009,3237,horizontal,4888.0
0,3296,5093,3296,horizontal,5093.0
3,3297,3,3,vertical,3294.0
5093,3298,5093,1,vertical,3297.0
5089,3297,5089,3,vertical,3294.0
5010,3236,5010,89,vertical,3147.0
120,3234,120,90,vertical,3144.0
0,3298,0,2,vertical,3296.0
920,1427,1689,1427,horizontal,769.0
125,3198,3240,3198,horizontal,3115.0
5006,3231,5006,94,vertical,3137.0
124,3231,124,94,vertical,3137.0
125,2949,2257,2949,horizontal,2132.0
125,3022,2257,3022,horizontal,2132.0
125,3093,2257,3093,horizontal,2132.0
125,3195,3240,3195,horizontal,3115.0
921,1423,1690,1423,horizontal,769.0
125,3089,2257,3089,horizontal,2132.0
125,3124,2257,3124,horizontal,2132.0
125,3054,2257,3054,horizontal,2132.0
125,2987,2257,2987,horizontal,2132.0
125,3163,2257,3163,horizontal,2132.0
126,3127,2257,3127,horizontal,2131.0
125,2952,2257,2952,horizontal,2132.0
125,3019,2257,3019,horizontal,2132.0
3236,3177,5005,3177,horizontal,1769.0
126,3057,1372,3057,horizontal,1246.0
125,2984,2257,2984,horizontal,2132.0
3776,3172,5005,3172,horizontal,1229.0
125,3160,2257,3160,horizontal,2132.0
1901,330,2242,330,horizontal,341.0
4816,328,4944,328,horizontal,128.0
1638,1613,1905,1613,horizontal,267.0
3040,1010,4178,1010,horizontal,1138.0
3754,2747,4117,2747,horizontal,363.0
3236,3010,4159,3010,horizontal,923.0
2287,1610,3421,1610,horizontal,1134.0
1528,2753,1744,2753,horizontal,216.0
3375,2744,3572,2744,horizontal,197.0
3673,3039,3899,3039,horizontal,226.0
2270,201,4709,201,horizontal,2439.0
3236,3006,4159,3006,horizontal,923.0
4637,2741,4777,2741,horizontal,140.0
463,2738,591,2738,horizontal,128.0
4079,3058,5005,3058,horizontal,926.0
2287,1713,2924,1713,horizontal,637.0
2793,2772,3148,2772,horizontal,355.0
1933,2779,2075,2779,horizontal,142.0
425,3108,662,3108,horizontal,237.0
2936,2769,3147,2769,horizontal,211.0
3673,3043,4159,3043,horizontal,486.0
2262,1276,3018,1276,horizontal,756.0
4155,3053,5005,3053,horizontal,850.0
1890,2734,2147,2734,horizontal,257.0
3037,1014,4178,1014,horizontal,1141.0
1303,328,1888,328,horizontal,585.0
2270,202,4709,202,horizontal,2439.0
2288,1709,2921,1709,horizontal,633.0
3272,3048,3641,3048,horizontal,369.0
2789,752,3608,752,horizontal,819.0
2792,748,3606,748,horizontal,814.0
2636,3131,3037,3131,horizontal,401.0
3637,3072,4159,3072,horizontal,522.0
2281,3138,2479,3138,horizontal,198.0
1860,1001,2450,1001,horizontal,590.0
33,2788,33,1690,vertical,1098.0
3241,203,3564,203,horizontal,323.0
3673,3075,3836,3075,horizontal,163.0
4236,2042,4674,2042,horizontal,438.0
2304,2760,2444,2760,horizontal,140.0
4319,2767,4449,2767,horizontal,130.0
2838,2493,3617,2493,horizontal,779.0
1083,836,1586,836,horizontal,503.0
298,666,429,666,horizontal,131.0
4123,2187,4673,2187,horizontal,550.0
4671,996,4935,996,horizontal,264.0
1844,1006,2450,1006,horizontal,606.0
2263,1273,3018,1273,horizontal,755.0
461,2751,592,2751,horizontal,131.0
3236,3090,3641,3090,horizontal,405.0
4124,2191,4673,2191,horizontal,549.0
1133,2715,1247,2717,horizontal,114.0175425099138
30,2709,30,2359,vertical,350.0
3138,1124,4178,1124,horizontal,1040.0
13,2382,13,2153,vertical,229.0
3359,2754,3517,2754,horizontal,158.0
2965,2765,3147,2765,horizontal,182.0
363,3105,662,3105,horizontal,299.0
4316,2756,4452,2756,horizontal,136.0
3359,2762,3517,2765,horizontal,158.02847844613325
1918,2708,2034,2708,horizontal,116.0
11,2141,11,1683,vertical,458.0
3974,2733,4087,2733,horizontal,113.0
3272,3052,3641,3052,horizontal,369.0
1303,329,1888,329,horizontal,585.0
2795,2763,2938,2761,horizontal,143.01398533010678
2309,2746,2493,2746,horizontal,184.0
771,3245,1034,3245,horizontal,263.0
772,3251,2044,3251,horizontal,1272.0
2854,3045,3198,3045,horizontal,344.0
1549,3253,1689,3253,horizontal,140.0
424,3044,660,3044,horizontal,236.0
2838,2496,3617,2496,horizontal,779.0
1614,1789,2398,1789,horizontal,784.0
1613,1793,2399,1793,horizontal,786.0
463,2746,591,2748,horizontal,128.01562404644207
38,2593,38,2437,vertical,156.0
1590,2772,1717,2770,horizontal,127.01574705523721
1199,1538,1350,1538,horizontal,151.0
3788,3141,4159,3141,horizontal,371.0
4220,1013,4673,1013,horizontal,453.0
2795,2762,2938,2760,horizontal,143.01398533010678
3443,2707,3571,2707,horizontal,128.0
2418,2975,2845,2975,horizontal,427.0
459,3047,660,3047,horizontal,201.0
363,3110,602,3110,horizontal,239.0
32,2788,32,1689,vertical,1099.0
4671,1138,4938,1138,horizontal,267.0
2287,2755,2514,2751,horizontal,227.03523955544875
4386,2739,4514,2735,horizontal,128.06248474865697
2383,3156,2787,3156,horizontal,404.0
2262,1767,2262,1295,vertical,472.0
1174,3250,2038,3250,horizontal,864.0
189,1408,449,1408,horizontal,260.0
3655,863,4676,863,horizontal,1021.0
189,457,454,457,horizontal,265.0
3967,2037,4674,2037,horizontal,707.0
1281,442,1739,442,horizontal,458.0
36,2788,36,1690,vertical,1098.0
4671,2173,4936,2173,horizontal,265.0
2265,1792,2265,1297,vertical,495.0
617,3041,884,3041,horizontal,267.0
3573,861,4538,861,horizontal,965.0
234,179,627,179,horizontal,393.0
3663,3108,4159,3108,horizontal,496.0
499,3144,600,3144,horizontal,101.0
2300,3012,2824,3012,horizontal,524.0
2285,2953,3205,2953,horizontal,920.0
3374,2710,3558,2710,horizontal,184.0
2283,3036,2507,3036,horizontal,224.0
16,2141,16,1683,vertical,458.0
1614,2366,2398,2366,horizontal,784.0
1828,3252,2040,3252,horizontal,212.0
821,443,961,443,horizontal,140.0
159,2177,426,2177,horizontal,267.0
771,3248,1034,3248,horizontal,263.0
1047,3246,2040,3246,horizontal,993.0
1555,2759,1717,2759,horizontal,162.0
2346,2836,2506,2833,horizontal,160.0281225285106
1174,3247,2040,3247,horizontal,866.0
2405,2954,3205,2954,horizontal,800.0
14,2141,14,1683,vertical,458.0
2418,2964,2845,2964,horizontal,427.0
2496,1813,2877,1813,horizontal,381.0
3272,3134,3641,3134,horizontal,369.0
2357,3114,2628,3114,horizontal,271.0
781,3040,882,3040,horizontal,101.0
4684,1547,4951,1547,horizontal,267.0
2300,3024,2824,3024,horizontal,524.0
2303,2818,2437,2818,horizontal,134.0
4316,2758,4451,2758,horizontal,135.0
2300,2940,2633,2940,horizontal,333.0
2373,3038,2765,3038,horizontal,392.0
184,1814,451,1814,horizontal,267.0
3952,2041,4235,2041,horizontal,283.0
3598,1874,3598,1423,vertical,451.0
464,440,770,440,horizontal,306.0
2497,1809,2874,1809,horizontal,377.0
17,1829,17,1683,vertical,146.0
4687,878,4951,878,horizontal,264.0
2499,1046,2837,1046,horizontal,338.0
2300,3037,3215,3037,horizontal,915.0
363,3106,662,3106,horizontal,299.0
3848,3161,4002,3161,horizontal,154.0
1299,838,1583,838,horizontal,284.0
2879,2736,3061,2736,horizontal,182.0
2412,3107,2748,3107,horizontal,336.0
2732,3142,3037,3142,horizontal,305.0
1471,884,1864,884,horizontal,393.0
4671,2175,4938,2175,horizontal,267.0
184,1786,451,1786,horizontal,267.0
12,2384,12,2153,vertical,231.0
2286,2970,2406,2970,horizontal,120.0
4683,2733,4795,2729,horizontal,112.0714058089752
2435,3042,3119,3042,horizontal,684.0
553,2866,685,2864,horizontal,132.015150645674
771,3249,2038,3249,horizontal,1267.0
2281,3021,2825,3021,horizontal,544.0
1889,2735,2139,2735,horizontal,250.0
2309,3132,3037,3132,horizontal,728.0
2386,3140,2569,3140,horizontal,183.0
2197,1731,2197,1196,vertical,535.0
4685,876,4951,876,horizontal,266.0
4804,3208,4918,3208,horizontal,114.0
1613,2362,2398,2362,horizontal,785.0
2310,2727,2491,2727,horizontal,181.0
2458,3111,2666,3111,horizontal,208.0
1472,1033,1848,1033,horizontal,376.0
822,1600,938,1583,horizontal,117.23907198540937
1966,2758,2070,2756,horizontal,104.01922899156675
1057,2776,1407,2776,horizontal,350.0
471,2308,642,2308,horizontal,171.0
3759,2977,3875,2977,horizontal,116.0
2287,2753,2416,2751,horizontal,129.0155029444136
4710,185,4970,185,horizontal,260.0
4671,1028,4935,1028,horizontal,264.0
2418,2965,2682,2965,horizontal,264.0
2283,3096,2847,3096,horizontal,564.0
1906,2813,2133,2813,horizontal,227.0
4685,848,4951,848,horizontal,266.0
37,2788,37,1690,vertical,1098.0
35,2788,35,1690,vertical,1098.0
515,422,735,430,horizontal,220.14540649307222
2418,2967,2683,2967,horizontal,265.0
361,3068,660,3068,horizontal,299.0
3243,1201,3343,1201,horizontal,100.0
31,2788,31,1689,vertical,1099.0
571,2872,686,2866,horizontal,115.15641536623133
4497,2974,4610,2974,horizontal,113.0
4451,1540,4685,1540,horizontal,234.0
361,3080,660,3080,horizontal,299.0
3408,3031,3520,3031,horizontal,112.0
2916,2814,3038,2818,horizontal,122.06555615733703
4621,3207,4792,3207,horizontal,171.0
2216,1197,2549,1197,horizontal,333.0
9,2141,9,1824,vertical,317.0
34,2788,34,1690,vertical,1098.0
10,2141,10,1683,vertical,458.0
2193,1733,2193,1199,vertical,534.0
3033,2760,3146,2762,horizontal,113.01769772916099
2300,3013,2662,3013,horizontal,362.0
160,2310,427,2310,horizontal,267.0
3325,455,3439,455,horizontal,114.0
2429,3016,2644,3016,horizontal,215.0
2692,3091,2842,3091,horizontal,150.0
3872,3159,4001,3159,horizontal,129.0
191,787,371,784,horizontal,180.02499826412998
606,3185,766,3185,horizontal,160.0
4670,1026,4937,1026,horizontal,267.0
2499,826,2824,826,horizontal,325.0
236,175,625,175,horizontal,389.0
809,2761,933,2759,horizontal,124.01612798341996
2733,3136,3038,3136,horizontal,305.0
2737,3139,2949,3139,horizontal,212.0
15,2385,15,1683,vertical,702.0
809,2765,946,2762,horizontal,137.03284277865654
2458,3112,2628,3112,horizontal,170.0
515,425,736,433,horizontal,221.14474897677312
2499,1050,2841,1050,horizontal,342.0
4628,3027,4815,3027,horizontal,187.0
3015,2950,3201,2950,horizontal,186.0
339,3231,339,2920,vertical,311.0
2880,2725,3058,2725,horizontal,178.0
460,1801,788,1801,horizontal,328.0
3602,1874,3602,1424,vertical,450.0
4813,837,4949,837,horizontal,136.0
2838,1927,3618,1927,horizontal,780.0
3348,759,3583,759,horizontal,235.0
189,652,454,652,horizontal,265.0
463,670,1520,670,horizontal,1057.0
3713,2971,3895,2971,horizontal,182.0
2879,2737,3061,2737,horizontal,182.0
298,441,428,441,horizontal,130.0
344,763,447,763,horizontal,103.0
463,666,1520,666,horizontal,1057.0
189,823,456,823,horizontal,267.0
186,1438,454,1438,horizontal,268.0
1152,3211,1267,3211,horizontal,115.0
781,2748,979,2748,horizontal,198.0
2285,3168,2574,3168,horizontal,289.0
210,3231,210,2920,vertical,311.0
2323,2741,2492,2730,horizontal,169.3576098083579
464,669,1534,669,horizontal,1070.0
2311,3120,2752,3120,horizontal,441.0
2466,3092,2839,3092,horizontal,373.0
2404,1367,2666,1367,horizontal,262.0
374,2868,684,2863,horizontal,310.0403199585499
185,1816,449,1816,horizontal,264.0
4348,836,4488,838,horizontal,140.0142849854971
4393,1490,4546,1492,horizontal,153.0130713370593
3236,3231,3236,2919,vertical,312.0
4674,2023,4934,2023,horizontal,260.0
2811,2757,2960,2752,horizontal,149.08386901338454
159,2179,424,2179,horizontal,265.0
2027,2824,2133,2820,horizontal,106.07544484940895
4398,3182,4518,3182,horizontal,120.0
159,2147,424,2147,horizontal,265.0
4834,3023,4988,3023,horizontal,154.0
781,2742,954,2742,horizontal,173.0
1543,2787,1687,2789,horizontal,144.01388821915754
3880,2809,4040,2809,horizontal,160.0
1054,1557,1195,1557,horizontal,141.0
4667,2708,4844,2708,horizontal,177.0
3243,1239,3343,1239,horizontal,100.0
189,1377,368,1381,horizontal,179.0446871593793
4671,2203,4938,2203,horizontal,267.0
2778,3049,3220,3049,horizontal,442.0
2684,1369,2888,1369,horizontal,204.0
2811,2760,2951,2758,horizontal,140.0142849854971
3866,3209,3990,3209,horizontal,124.0
4312,2166,4415,2166,horizontal,103.0
344,762,447,762,horizontal,103.0
2478,3155,2786,3155,horizontal,308.0
2296,330,3872,330,horizontal,1576.0
1610,2711,1735,2711,horizontal,125.0
2958,1822,2958,1704,vertical,118.0
2666,1349,2896,1349,horizontal,230.0
2300,2943,3201,2943,horizontal,901.0
4780,1122,4905,1129,horizontal,125.19584657647394
3847,2766,4028,2763,horizontal,181.02486017119307
3408,3032,3520,3032,horizontal,112.0
1543,2790,1686,2790,horizontal,143.0
363,3116,662,3116,horizontal,299.0
2828,1924,3617,1924,horizontal,789.0
4671,2205,4936,2205,horizontal,265.0
314,1619,425,1605,horizontal,111.87939935484101
1912,1145,2028,1143,horizontal,116.01724009818541
2281,3137,2479,3137,horizontal,198.0
191,2865,360,2862,horizontal,169.0266251216062
4538,3121,4648,3121,horizontal,110.0
2460,3085,2843,3085,horizontal,383.0
498,3066,660,3066,horizontal,162.0
189,1375,410,1379,horizontal,221.03619613086
189,425,454,425,horizontal,265.0
195,2893,480,2883,horizontal,285.17538463198395
4674,1094,4838,1092,horizontal,164.01219466856725
2287,2763,2394,2766,horizontal,107.0420478129973
298,668,429,668,horizontal,131.0
4221,1126,4456,1126,horizontal,235.0
464,667,1653,667,horizontal,1189.0
4673,1108,4933,1108,horizontal,260.0
2418,2972,2845,2972,horizontal,427.0
1123,552,1339,552,horizontal,216.0
4657,1862,4901,1862,horizontal,244.0
1613,1792,2484,1792,horizontal,871.0
2300,2948,3201,2948,horizontal,901.0
4083,869,4316,869,horizontal,233.0
3878,2740,4087,2740,horizontal,209.0
463,2745,591,2745,horizontal,128.0
194,2891,506,2880,horizontal,312.1938500355188
1461,3232,1461,2919,vertical,313.0
298,669,428,674,horizontal,130.09611831257686
1472,881,1848,881,horizontal,376.0
2300,3020,2825,3020,horizontal,525.0
2330,1364,2666,1364,horizontal,336.0
4684,2132,4853,2146,horizontal,169.57889019568444
363,3188,533,3188,horizontal,170.0
2956,977,2956,764,vertical,213.0
2324,2784,2436,2784,horizontal,112.0
2752,1925,3953,1925,horizontal,1201.0
268,2162,399,2162,horizontal,131.0
191,1546,298,1541,horizontal,107.11675872616759
191,386,425,390,horizontal,234.03418553707064
2300,3014,2824,3014,horizontal,524.0
2838,2494,3617,2494,horizontal,779.0
2285,3025,2824,3025,horizontal,539.0
1471,1029,1848,1029,horizontal,377.0
185,1784,449,1784,horizontal,264.0
190,1565,303,1563,horizontal,113.01769772916099
2418,2976,2845,2976,horizontal,427.0
189,1370,418,1374,horizontal,229.0349318335524
4670,998,4937,998,horizontal,267.0
489,2865,680,2862,horizontal,191.02355875650522
3829,2814,3977,2819,horizontal,148.08443537387717
4563,2580,4726,2572,horizontal,163.19620093617377
1276,1401,1401,1403,horizontal,125.01599897613104
4637,2738,4777,2738,horizontal,140.0
1904,1249,2004,1249,horizontal,100.0
425,3115,662,3115,horizontal,237.0
191,385,428,385,horizontal,237.0
2281,3143,2569,3143,horizontal,288.0
3462,2956,3577,2956,horizontal,115.0
4323,2729,4515,2729,horizontal,192.0
215,779,371,782,horizontal,156.02884348735012
567,415,732,420,horizontal,165.07574019219177
1625,3220,1845,3220,horizontal,220.0
3831,2707,4033,2707,horizontal,202.0
4667,1868,4891,1868,horizontal,224.0
1034,1996,1034,1802,vertical,194.0
425,3187,532,3187,horizontal,107.0
374,2866,679,2861,horizontal,305.04098085339285
851,1745,953,1740,horizontal,102.12247548899312
561,383,718,385,horizontal,157.01273833673497
4322,995,4504,995,horizontal,182.0
2040,984,2167,984,horizontal,127.0
786,1611,1654,1611,horizontal,868.0
363,3117,662,3117,horizontal,299.0
2854,411,3010,411,horizontal,156.0
453,2777,596,2777,horizontal,143.0
4439,1533,4675,1533,horizontal,236.0
424,3070,660,3070,horizontal,236.0
2418,2973,2846,2973,horizontal,428.0
259,772,447,769,horizontal,188.0239346466295
777,2717,979,2717,horizontal,202.0
229,1722,395,1736,horizontal,166.5893153836704
4662,1866,4897,1866,horizontal,235.0
4061,203,4709,203,horizontal,648.0
2795,2756,2948,2750,horizontal,153.11760186209813
4708,313,4972,313,horizontal,264.0
2300,2942,3201,2942,horizontal,901.0
3872,3153,3999,3153,horizontal,127.0
2418,2966,2844,2966,horizontal,426.0
4781,2039,4911,2045,horizontal,130.13838787997952
206,3232,206,2919,vertical,313.0
4415,1485,4573,1485,horizontal,158.0
781,2739,977,2739,horizontal,196.0
187,1596,452,1596,horizontal,265.0
189,821,454,821,horizontal,265.0
2916,2808,3075,2808,horizontal,159.0
2300,3018,2668,3018,horizontal,368.0
159,2149,426,2149,horizontal,267.0
4348,2177,4558,2180,horizontal,210.02142747824567
2300,2947,3201,2947,horizontal,901.0
2398,2365,2398,1770,vertical,595.0
1654,1141,1882,1145,horizontal,228.0350850198276
2300,2941,2802,2941,horizontal,502.0
1237,1689,1395,1700,horizontal,158.38244852255568
4324,2731,4457,2731,horizontal,133.0
4707,343,4974,343,horizontal,267.0
806,2480,1221,2480,horizontal,415.0
530,383,670,390,horizontal,140.1748907615055
1715,3210,1842,3210,horizontal,127.0
2286,3169,2545,3169,horizontal,259.0
3607,862,4675,862,horizontal,1068.0
3673,3138,4159,3138,horizontal,486.0
2733,3133,3037,3133,horizontal,304.0
4381,2702,4483,2698,horizontal,102.07840124139877
189,682,456,682,horizontal,267.0
783,3035,884,3035,horizontal,101.0
361,3069,660,3069,horizontal,299.0
4780,1007,4910,1009,horizontal,130.01538370516005
191,804,320,806,horizontal,129.0155029444136
2809,1252,2912,1249,horizontal,103.04368005850722
4711,1532,4840,1532,horizontal,129.0
160,2338,427,2338,horizontal,267.0
515,423,736,431,horizontal,221.14474897677312
1949,2793,2082,2793,horizontal,133.0
2460,3087,2843,3087,horizontal,383.0
1331,1712,1496,1710,horizontal,165.01212076693034
2600,1799,2818,1799,horizontal,218.0
475,2733,591,2737,horizontal,116.06894502837527
2984,3040,3209,3040,horizontal,225.0
2460,3086,2843,3086,horizontal,383.0
2416,2945,2567,2945,horizontal,151.0
1464,3232,1464,2919,vertical,313.0
2300,2951,3201,2951,horizontal,901.0
189,684,454,684,horizontal,265.0
2500,822,2805,822,horizontal,305.0
4707,215,4975,215,horizontal,268.0
228,1537,399,1534,horizontal,171.0263137648707
2739,1361,2887,1361,horizontal,148.0
2459,3094,2836,3094,horizontal,377.0
1135,3232,1135,2919,vertical,313.0
190,807,324,809,horizontal,134.01492454200763
3428,1166,3546,1166,horizontal,118.0
187,1598,454,1598,horizontal,267.0
190,1567,411,1567,horizontal,221.0
4672,977,4837,980,horizontal,165.0272704737008
2287,2761,2443,2766,horizontal,156.08010763707205
2040,983,2167,983,horizontal,127.0
2687,502,2813,504,horizontal,126.01587201618692
3103,733,3231,729,horizontal,128.06248474865697
3842,2706,3962,2704,horizontal,120.01666550941998
1417,484,1553,469,horizontal,136.82470537150812
2257,3231,2257,2920,vertical,311.0
796,1596,927,1584,horizontal,131.54847015454038
4675,987,4837,987,horizontal,162.0
2502,1691,2662,1688,horizontal,160.0281225285106
189,654,456,654,horizontal,267.0
4349,2755,4453,2752,horizontal,104.04326023342406
191,396,428,396,horizontal,237.0
4208,322,4335,315,horizontal,127.1927670899568
191,2869,360,2869,horizontal,169.0
4674,2134,4783,2146,horizontal,109.65856099730654
4344,846,4466,848,horizontal,122.01639234135715
3138,1923,3138,1632,vertical,291.0
3325,453,3439,453,horizontal,114.0
2838,2495,3617,2495,horizontal,779.0
161,2140,326,2132,horizontal,165.19382555047267
1613,2363,2394,2363,horizontal,781.0
374,2861,603,2857,horizontal,229.0349318335524
187,1628,353,1628,horizontal,166.0
1550,2825,1664,2825,horizontal,114.0
4734,2131,4900,2145,horizontal,166.5893153836704
298,671,427,675,horizontal,129.0620006043607
2418,2969,2637,2969,horizontal,219.0
2414,3083,2842,3083,horizontal,428.0
2566,1795,2749,1795,horizontal,183.0
4312,2167,4415,2167,horizontal,103.0
1398,3209,1398,3060,vertical,149.0
3396,2785,3514,2785,horizontal,118.0
556,394,657,395,horizontal,101.00495037373169
1124,554,1339,554,horizontal,215.0
3382,2750,3513,2750,horizontal,131.0
2726,3158,2877,3158,horizontal,151.0
4637,2728,4826,2728,horizontal,189.0
1946,2799,2082,2794,horizontal,136.09188072769072
2287,3044,3216,3044,horizontal,929.0
2048,3232,2048,2919,vertical,313.0
4711,1534,4841,1534,horizontal,130.0
3888,2726,4009,2726,horizontal,121.0
1543,2792,1686,2792,horizontal,143.0
435,2325,823,2325,horizontal,388.0
4813,839,4949,839,horizontal,136.0
2684,1784,2816,1793,horizontal,132.30646242719968
2955,2086,2955,1820,vertical,266.0
2957,2086,2957,1822,vertical,264.0
2767,2946,3200,2946,horizontal,433.0
1625,3215,1813,3215,horizontal,188.0
2346,2837,2506,2835,horizontal,160.0124995117569
1362,1303,1477,1295,horizontal,115.27792503337315
1259,1701,1395,1691,horizontal,136.36715146984628
204,597,329,589,horizontal,125.25573839150046
2300,3015,2663,3015,horizontal,363.0
4171,1425,4280,1425,horizontal,109.0
1297,3002,1411,3002,horizontal,114.0
4159,3231,4159,2920,vertical,311.0
2281,2978,2844,2978,horizontal,563.0
1329,3232,1329,2919,vertical,313.0
1062,2766,1178,2756,horizontal,116.43023662262307
4344,844,4487,846,horizontal,143.01398533010678
1283,443,1739,443,horizontal,456.0
4394,1489,4573,1486,horizontal,179.02513789968157
4708,345,4972,345,horizontal,264.0
4789,1503,4939,1503,horizontal,150.0
190,1561,419,1557,horizontal,229.0349318335524
497,2307,617,2297,horizontal,120.41594578792295
2281,2977,2845,2977,horizontal,564.0
2927,2814,3051,2812,horizontal,124.01612798341996
4711,864,4841,862,horizontal,130.01538370516005
4316,2763,4449,2766,horizontal,133.0338302838793
4355,999,4565,1002,horizontal,210.02142747824567
1976,2747,2088,2741,horizontal,112.16059914247963
189,851,456,851,horizontal,267.0
296,1428,425,1426,horizontal,129.0155029444136
759,3071,860,3071,horizontal,101.0
3412,2856,3534,2856,horizontal,122.0
8,2076,8,1933,vertical,143.0
2515,3001,2816,3001,horizontal,301.0
4834,1983,4938,1994,horizontal,104.58011283222064
191,390,427,394,horizontal,236.03389587091087
537,814,687,811,horizontal,150.02999700059985
3419,2834,3578,2837,horizontal,159.02829936838285
294,1799,423,1797,horizontal,129.0155029444136
4673,981,4837,984,horizontal,164.02743672934722
1352,3211,1460,3211,horizontal,108.0
2666,1327,2806,1327,horizontal,140.0
189,1582,319,1578,horizontal,130.06152390311286
3188,1125,4159,1125,horizontal,971.0
191,789,371,786,horizontal,180.02499826412998
1926,990,2107,990,horizontal,181.0
4780,1014,4909,1019,horizontal,129.0968628588627
2854,3046,3216,3046,horizontal,362.0
3396,2810,3505,2810,horizontal,109.0
1139,2736,1267,2736,horizontal,128.0
2688,503,2826,505,horizontal,138.01449199268893
2739,1372,2887,1370,horizontal,148.0135128966271
3243,1168,3359,1162,horizontal,116.15506876585283
422,2714,627,2714,horizontal,205.0
4674,2133,4825,2146,horizontal,151.5585695366646
363,3189,766,3189,horizontal,403.0
3292,1601,3292,1219,vertical,382.0
248,1347,399,1354,horizontal,151.16216457830973
2818,1228,2942,1228,horizontal,124.0
303,2895,534,2887,horizontal,231.1384866265244
3468,3186,3599,3186,horizontal,131.0
1613,2365,2395,2365,horizontal,782.0
3131,2577,3260,2566,horizontal,129.46814279968643
1958,994,2176,994,horizontal,218.0
1966,2763,2069,2764,horizontal,103.00485425454472
4460,2399,4702,2399,horizontal,242.0
3359,2764,3464,2768,horizontal,105.07616285342742
4770,2144,4938,2132,horizontal,168.4280261714184
2523,1694,2661,1689,horizontal,138.0905500025255
191,391,428,395,horizontal,237.03375287076733
4155,3232,4155,2919,vertical,313.0
1358,1297,1460,1306,horizontal,102.39628899525607
4659,1864,4899,1864,horizontal,240.0
806,2477,1230,2477,horizontal,424.0
2054,2054,2054,1652,vertical,402.0
4780,1010,4909,1012,horizontal,129.0155029444136
3083,726,3184,724,horizontal,101.01980003939822
268,2303,398,2296,horizontal,130.18832512940628
847,1740,952,1751,horizontal,105.57461816175325
1617,2361,1617,1790,vertical,571.0
189,1749,296,1751,horizontal,107.01868995647442
160,2340,425,2340,horizontal,265.0
2281,3023,2825,3023,horizontal,544.0
4430,1542,4685,1542,horizontal,255.0
3040,1276,3040,1016,vertical,260.0
2302,2709,2417,2709,horizontal,115.0
4121,320,4234,320,horizontal,113.0
298,444,429,444,horizontal,131.0
4358,2705,4484,2700,horizontal,126.09916732476864
491,420,676,423,horizontal,185.02432272541898
1977,2748,2146,2739,horizontal,169.23947530053383
2629,2364,2752,2364,horizontal,123.0
4781,2040,4909,2047,horizontal,128.191263352851
3617,2492,3617,1932,vertical,560.0
1912,1144,2028,1142,horizontal,116.01724009818541
57,2784,57,2352,vertical,432.0
3195,2184,3195,1872,vertical,312.0
3368,2841,3578,2841,horizontal,210.0
4708,217,4973,217,horizontal,265.0
2854,3050,3220,3050,horizontal,366.0
1152,3221,1267,3221,horizontal,115.0
538,659,752,659,horizontal,214.0
187,1626,319,1626,horizontal,132.0
204,1535,314,1534,horizontal,110.00454536063498
188,1398,320,1389,horizontal,132.30646242719968
188,1730,402,1722,horizontal,214.1494805036893
1353,1696,1470,1700,horizontal,117.06835610018618
2027,2819,2134,2819,horizontal,107.0
3513,531,3668,531,horizontal,155.0
296,1425,425,1421,horizontal,129.0620006043607
3428,1171,3546,1171,horizontal,118.0
2383,3162,3090,3162,horizontal,707.0
298,835,427,844,horizontal,129.31357237351384
4675,1983,4812,1997,horizontal,137.71347065556077
2809,1242,2912,1242,horizontal,103.0
190,1556,419,1556,horizontal,229.0
4322,1112,4488,1115,horizontal,166.02710622064097
2296,328,3872,328,horizontal,1576.0
1032,1996,1032,1802,vertical,194.0
4462,2397,4702,2397,horizontal,240.0
193,363,333,375,horizontal,140.51334456200237
2303,3084,2843,3084,horizontal,540.0
169,2835,306,2826,horizontal,137.2953021774598
461,1800,788,1800,horizontal,327.0
4247,330,4412,328,horizontal,165.01212076693034
2809,1248,2912,1248,horizontal,103.0
1889,2737,2138,2737,horizontal,249.0
3731,3097,3834,3097,horizontal,103.0
781,2754,979,2754,horizontal,198.0
190,1586,319,1579,horizontal,129.18978287774928
3696,3206,4002,3206,horizontal,306.0
4813,830,4948,835,horizontal,135.09256086106296
2253,3232,2253,2919,vertical,313.0
489,2306,595,2297,horizontal,106.38138934982942
363,3152,512,3152,horizontal,149.0
4714,265,4826,250,horizontal,113.0
2847,414,3022,414,horizontal,175.0
3428,1163,3545,1165,horizontal,117.01709276853532
4710,153,4880,150,horizontal,170.02646852769718
1844,922,2059,922,horizontal,215.0
4398,3183,4522,3183,horizontal,124.0
297,1607,426,1609,horizontal,129.0155029444136
1985,2436,2113,2425,horizontal,128.47178678604885
2551,1613,3422,1613,horizontal,871.0
1152,3218,1305,3218,horizontal,153.0
188,1777,320,1777,horizontal,132.0
190,1587,319,1585,horizontal,129.0155029444136
3240,3232,3240,2919,vertical,313.0
2919,1483,3032,1483,horizontal,113.0
1913,1148,2028,1148,horizontal,115.0
192,406,323,409,horizontal,131.03434664239754
1719,1348,1815,1454,vertical,143.01048912579805
3838,2118,3953,2118,horizontal,115.0
422,2715,627,2715,horizontal,205.0
329,835,429,842,horizontal,100.24470060806208
1904,1184,2004,1184,horizontal,100.0
2867,2706,3072,2706,horizontal,205.0
2286,2288,2286,1790,vertical,498.0
2739,456,2885,459,horizontal,146.03081866510234
3140,1601,3140,1144,vertical,457.0
3422,1875,3422,1611,vertical,264.0
3696,3209,3850,3209,horizontal,154.0
2827,3154,2951,3154,horizontal,124.0
4780,1005,4910,1007,horizontal,130.01538370516005
458,2119,680,2108,horizontal,222.27235545609355
3880,2811,4040,2811,horizontal,160.0
2666,3144,3042,3144,horizontal,376.0
1979,2851,2122,2849,horizontal,143.01398533010678
2449,2968,2685,2968,horizontal,236.0
18,2410,18,2253,vertical,157.0
191,761,326,761,horizontal,135.0
189,1358,400,1358,horizontal,211.0
1332,3252,1332,2920,vertical,332.0
191,763,325,763,horizontal,134.0
1902,2824,2014,2820,horizontal,112.0714058089752
1476,478,1602,482,horizontal,126.0634760745554
2964,1926,3953,1926,horizontal,989.0
3294,1601,3294,1266,vertical,335.0
1912,1143,2028,1139,horizontal,116.06894502837527
191,614,363,620,horizontal,172.10461934532728
287,1548,400,1544,horizontal,113.07077429645558
191,373,316,375,horizontal,125.01599897613104
3921,2706,4034,2705,horizontal,113.00442469213318
1132,3232,1132,2919,vertical,313.0
2523,1696,2660,1694,horizontal,137.01459776242822
2324,2786,2436,2786,horizontal,112.0
189,455,456,455,horizontal,267.0
3366,2805,3501,2807,horizontal,135.0148140020198
2733,3135,2864,3135,horizontal,131.0
4711,868,4836,866,horizontal,125.01599897613104
435,2323,823,2323,horizontal,388.0
2515,2988,2818,2988,horizontal,303.0
1613,1791,2051,1791,horizontal,438.0
4796,1014,4904,1016,horizontal,108.01851693112621
2372,3047,2765,3047,horizontal,393.0
3696,3207,3851,3207,horizontal,155.0
270,2326,400,2319,horizontal,130.18832512940628
3884,2791,3984,2791,horizontal,100.0
3365,2816,3581,2816,horizontal,216.0
498,3146,600,3146,horizontal,102.0
1454,1079,1559,1074,horizontal,105.11898020814318
1598,2817,1702,2817,horizontal,104.0
4433,3199,4548,3199,horizontal,115.0
4723,1983,4915,1993,horizontal,192.26024029944412
3419,1873,3419,1615,vertical,258.0
4015,442,4164,444,horizontal,149.01342221424215
3459,529,3668,529,horizontal,209.0
315,1562,418,1562,horizontal,103.0
407,327,407,20,vertical,307.0
1555,2760,1670,2764,horizontal,115.06954418958998
455,2774,579,2772,horizontal,124.01612798341996
1201,3232,1201,2919,vertical,313.0
4679,2018,4803,2016,horizontal,124.01612798341996
3276,3171,3276,3012,vertical,159.0
2665,1332,2807,1332,horizontal,142.0
3419,2832,3578,2835,horizontal,159.02829936838285
908,767,1035,767,horizontal,127.0
3370,2843,3578,2843,horizontal,208.0
270,2325,388,2317,horizontal,118.27087553578015
455,2113,637,2119,horizontal,182.0988742414406
1724,1347,1816,1453,vertical,140.356688476182
553,2859,685,2859,horizontal,132.0
4789,1500,4906,1498,horizontal,117.01709276853532
2435,2492,2637,2502,horizontal,202.2473732833136
196,2887,417,2880,horizontal,221.11083193728885
463,2743,591,2739,horizontal,128.06248474865697
1055,1258,1194,1258,horizontal,139.0
4683,988,4837,988,horizontal,154.0
2510,2492,2637,2499,horizontal,127.1927670899568
2539,1695,2735,1702,horizontal,196.1249601657066
457,2764,588,2762,horizontal,131.01526628603247
4431,2166,4556,2166,horizontal,125.0
4670,1719,4888,1719,horizontal,218.0
4611,2576,4727,2580,horizontal,116.06894502837527
189,1374,302,1374,horizontal,113.0
2539,308,2720,308,horizontal,181.0
4121,319,4242,311,horizontal,121.26417442921878
1395,3232,1395,2919,vertical,313.0
964,2266,1140,2266,horizontal,176.0
4816,201,4944,204,horizontal,128.03515142334936
411,329,411,18,vertical,311.0
3243,1166,3359,1160,horizontal,116.15506876585283
2288,2288,2288,1800,vertical,488.0
2299,3095,2447,3095,horizontal,148.0
2590,322,2721,311,horizontal,131.4610208388783
1947,2786,2081,2788,horizontal,134.01492454200763
4433,3196,4573,3196,horizontal,140.0
196,2885,366,2880,horizontal,170.07351351694948
191,599,332,597,horizontal,141.01418368376991
4668,2710,4873,2710,horizontal,205.0
191,762,325,762,horizontal,134.0
1543,2797,1669,2793,horizontal,126.0634760745554
3967,2081,4127,2081,horizontal,160.0
3856,2740,4115,2735,horizontal,259.04825805243314
1391,473,1577,480,horizontal,186.1316738225926
163,2300,314,2297,horizontal,151.02979838429238
538,815,671,817,horizontal,133.01503674397117
2503,1045,2503,827,vertical,218.0
621,648,752,648,horizontal,131.0
2433,2170,2535,2168,horizontal,102.0196059588548
3243,1266,3343,1266,horizontal,100.0
3371,2844,3578,2844,horizontal,207.0
2515,3000,2819,3000,horizontal,304.0
4134,195,4335,177,horizontal,201.80436070610565
1267,3252,1267,2919,vertical,333.0
191,1589,319,1587,horizontal,128.01562404644207
1602,2771,1714,2764,horizontal,112.21853679316978
1904,1219,2004,1219,horizontal,100.0
203,647,324,639,horizontal,121.26417442921878
2295,2840,2506,2840,horizontal,211.0
1655,1142,1822,1140,horizontal,167.01197561851666
168,2827,305,2823,horizontal,137.05838172107534
2809,1253,2981,1253,horizontal,172.0
363,3184,590,3184,horizontal,227.0
298,435,426,435,horizontal,128.0
2459,3121,2665,3121,horizontal,206.0
2232,949,2344,976,horizontal,115.20850663036997
52,2708,52,2350,vertical,358.0
294,1804,419,1806,horizontal,125.01599897613104
2739,1360,2887,1360,horizontal,148.0
4323,2730,4457,2730,horizontal,134.0
1443,1081,1558,1075,horizontal,115.15641536623133
1264,3252,1264,2919,vertical,333.0
2051,3232,2051,2919,vertical,313.0
1797,947,1918,826,vertical,171.1198410471445
1198,3232,1198,2919,vertical,313.0
1238,1687,1411,1696,horizontal,173.23394586512194
2603,1408,2725,1404,horizontal,122.06555615733703
4023,547,4147,549,horizontal,124.01612798341996
4733,1988,4884,1996,horizontal,151.21177202850313
4711,1535,4841,1538,horizontal,130.034610777285
2492,1600,2654,1595,horizontal,162.077142126828
2782,1245,2912,1247,horizontal,130.01538370516005
190,1578,319,1576,horizontal,129.0155029444136
4801,2131,4933,2142,horizontal,132.45754036671525
54,2709,54,2351,vertical,358.0
4750,2131,4915,2145,horizontal,165.59287424282482
3535,862,3659,864,horizontal,124.01612798341996
163,2299,269,2294,horizontal,106.1178590059185
1963,2838,2122,2838,horizontal,159.0
191,600,326,598,horizontal,135.0148140020198
3910,437,3910,203,vertical,234.0
189,427,456,427,horizontal,267.0
2499,1049,2499,823,vertical,226.0
964,2268,1140,2268,horizontal,176.0
1910,2434,2040,2425,horizontal,130.31116606031887
214,1347,400,1356,horizontal,186.21761463406193
4388,1112,4490,1105,horizontal,102.23991392797629
3428,1165,3545,1159,horizontal,117.15374513859982
2798,2767,2952,2767,horizontal,154.0
188,1775,319,1766,horizontal,131.30879635424276
2838,2487,2838,1926,vertical,561.0
2584,2660,2695,2657,horizontal,111.04053313993049
4695,2131,4865,2145,horizontal,170.57549648176317
204,1539,338,1537,horizontal,134.01492454200763
1433,2321,1433,2085,vertical,236.0
3435,2832,3578,2834,horizontal,143.01398533010678
2916,2813,3075,2810,horizontal,159.02829936838285
3018,2766,3127,2767,horizontal,109.00458705944443
3920,2727,4087,2732,horizontal,167.0748335327616
2913,3164,3018,3164,horizontal,105.0
166,2870,511,2870,horizontal,345.0
1911,2436,2040,2427,horizontal,129.31357237351384
2300,2994,2817,2994,horizontal,517.0
1001,246,1105,246,horizontal,104.0
2300,2990,2818,2990,horizontal,518.0
160,2308,425,2308,horizontal,265.0
4127,553,4233,553,horizontal,106.0
279,386,426,388,horizontal,147.0136048126159
3396,2782,3545,2780,horizontal,149.01342221424215
1758,1131,1882,1135,horizontal,124.06449935416659
2510,2488,2637,2488,horizontal,127.0
4428,2016,4555,2020,horizontal,127.06297651164952
191,782,355,782,horizontal,164.0
3926,1687,3926,1144,vertical,543.0
3037,1277,3037,1013,vertical,264.0
2348,2843,2506,2841,horizontal,158.01265772082945
792,243,926,243,horizontal,134.0
459,3081,660,3081,horizontal,201.0
480,2122,588,2118,horizontal,108.07404868885037
3487,1637,3487,1404,vertical,233.0
3329,1910,3432,1912,horizontal,103.01941564578979
2579,2944,2750,2944,horizontal,171.0
29,2060,29,1922,vertical,138.0
4836,1982,4938,1989,horizontal,102.23991392797629
296,1424,424,1420,horizontal,128.06248474865697
786,1612,1654,1612,horizontal,868.0
3691,2070,3817,2072,horizontal,126.01587201618692
574,838,739,836,horizontal,165.01212076693034
492,416,592,421,horizontal,100.12492197250393
2281,2991,2818,2991,horizontal,537.0
2913,3166,3018,3166,horizontal,105.0
3847,2767,4028,2764,horizontal,181.02486017119307
2920,2778,3021,2782,horizontal,101.07917688624102
3753,1001,3753,864,vertical,137.0
294,1802,422,1800,horizontal,128.01562404644207
194,2892,532,2880,horizontal,338.21295066865787
1540,546,1719,546,horizontal,179.0
265,1547,391,1542,horizontal,126.09916732476864
1928,329,2242,329,horizontal,314.0
3482,1771,3482,1446,vertical,325.0
461,3190,766,3190,horizontal,305.0
3409,3028,3520,3028,horizontal,111.0
470,2112,600,2108,horizontal,130.06152390311286
2501,2178,2642,2181,horizontal,141.0319112825179
344,600,446,598,horizontal,102.0196059588548
3243,1160,3358,1158,horizontal,115.0173899895142
4671,2053,4898,2053,horizontal,227.0
2842,2487,2842,1923,vertical,564.0
463,2737,591,2732,horizontal,128.09761902549164
2521,3036,3068,3036,horizontal,547.0
4711,1539,4818,1541,horizontal,107.01868995647442
188,1746,299,1748,horizontal,111.01801655587259
1435,2323,1435,2084,vertical,239.0
3912,437,3912,200,vertical,237.0
2395,2361,2395,1770,vertical,591.0
17,2672,17,2213,vertical,459.0
191,813,310,811,horizontal,119.01680553602503
191,814,324,814,horizontal,133.0
4710,280,4844,271,horizontal,134.30189872075525
4816,205,4944,200,horizontal,128.09761902549164
4344,845,4487,843,horizontal,143.01398533010678
2685,1366,2843,1366,horizontal,158.0
2287,2998,2622,2998,horizontal,335.0
3480,1415,3480,1266,vertical,149.0
3080,730,3185,730,horizontal,105.0
1757,1132,1882,1136,horizontal,125.06398362438324
3614,2491,3614,1928,vertical,563.0
2282,3109,2445,3109,horizontal,163.0
1344,3216,1460,3216,horizontal,116.0
3755,1687,3755,1144,vertical,543.0
222,365,332,369,horizontal,110.07270324653611
2383,3161,2727,3161,horizontal,344.0
2300,2989,2657,2989,horizontal,357.0
3104,739,3259,733,horizontal,155.11608556174951
4710,151,4882,148,horizontal,172.02616080119907
606,3180,766,3180,horizontal,160.0
4489,1489,4591,1494,horizontal,102.12247548899312
855,1596,959,1586,horizontal,104.47966309287182
3407,3033,3520,3033,horizontal,113.0
195,2889,448,2881,horizontal,253.12645061312736
369,3032,660,3037,horizontal,291.04295215655026
3082,727,3214,729,horizontal,132.015150645674
3541,3191,3541,3053,vertical,138.0
424,3077,699,3077,horizontal,275.0
4443,986,4560,986,horizontal,117.0
216,621,325,610,horizontal,109.55363982999378
4495,328,4660,330,horizontal,165.01212076693034
3534,2405,3534,1918,vertical,487.0
363,3140,487,3140,horizontal,124.0
294,1794,424,1794,horizontal,130.0
3775,2214,3889,2202,horizontal,114.6298390472568
1674,1148,1803,1144,horizontal,129.0620006043607
3411,2784,3547,2782,horizontal,136.01470508735443
4711,1537,4840,1540,horizontal,129.0348790056394
190,1566,411,1566,horizontal,221.0
1391,470,1502,468,horizontal,111.01801655587259
4122,194,4326,176,horizontal,204.79257799051214
3365,2815,3581,2815,horizontal,216.0
848,1737,952,1739,horizontal,104.01922899156675
2837,1252,2989,1252,horizontal,152.0
1715,3213,1815,3213,horizontal,100.0
424,3071,660,3071,horizontal,236.0
1912,1142,2028,1138,horizontal,116.06894502837527
2300,2995,2815,2995,horizontal,515.0
268,2163,399,2163,horizontal,131.0
424,3078,660,3078,horizontal,236.0
191,601,324,603,horizontal,133.01503674397117
2383,3167,2546,3167,horizontal,163.0
3712,2974,3896,2974,horizontal,184.0
2807,1045,2807,821,vertical,224.0
2281,2999,2820,2999,horizontal,539.0
4824,335,4944,329,horizontal,120.14990636700472
1776,3245,1915,3245,horizontal,139.0
363,3145,487,3145,horizontal,124.0
4711,866,4813,866,horizontal,102.0
361,3079,660,3079,horizontal,299.0
1273,1688,1397,1688,horizontal,124.0
4602,2580,4727,2584,horizontal,125.06398362438324
715,3045,884,3045,horizontal,169.0
4187,1246,4395,1253,horizontal,208.1177551291576
192,760,447,760,horizontal,255.0
1963,1579,1963,1346,vertical,233.0
190,637,312,633,horizontal,122.06555615733703
2676,890,2676,762,vertical,128.0
2849,2763,2952,2764,horizontal,103.00485425454472
2667,1325,2779,1325,horizontal,112.0
1476,1028,1476,885,vertical,143.0
831,1880,938,1878,horizontal,107.01868995647442
3915,1577,3915,1434,vertical,143.0
189,1583,311,1579,horizontal,122.06555615733703
3133,2540,3249,2536,horizontal,116.06894502837527
454,2771,579,2771,horizontal,125.0
2388,2993,2662,2993,horizontal,274.0
2590,1698,2736,1703,horizontal,146.08559134972896
3637,3105,4154,3105,horizontal,517.0
1344,3219,1460,3219,horizontal,116.0
2457,3118,2666,3118,horizontal,209.0
4685,1983,4815,1990,horizontal,130.18832512940628
3880,2806,4040,2806,horizontal,160.0
2518,1596,2656,1592,horizontal,138.05795884337854
192,771,325,769,horizontal,133.01503674397117
2407,3113,2628,3113,horizontal,221.0
2602,1403,2711,1406,horizontal,109.04127658827184
4740,279,4884,271,horizontal,144.22205101855957
781,3074,882,3074,horizontal,101.0
1598,2814,1726,2814,horizontal,128.0
2321,2755,2444,2757,horizontal,123.01625908797584
2309,3131,2486,3131,horizontal,177.0
3938,2817,4040,2817,horizontal,102.0
424,3076,699,3076,horizontal,275.0
4789,1505,4918,1505,horizontal,129.0
206,2141,325,2135,horizontal,119.15116449284078
2055,2159,2055,1936,vertical,223.0
298,673,406,675,horizontal,108.01851693112621
191,812,324,808,horizontal,133.06013678032951
4320,840,4425,843,horizontal,105.04284840006957
1912,1139,2028,1135,horizontal,116.06894502837527
1046,3248,2038,3248,horizontal,992.0
2545,192,2729,188,horizontal,184.04347312523745
1443,1082,1558,1076,horizontal,115.15641536623133
1397,472,1502,469,horizontal,105.04284840006957
53,2709,53,2350,vertical,359.0
3272,3172,3272,3011,vertical,161.0
4674,984,4828,986,horizontal,154.01298646542764
196,2895,353,2893,horizontal,157.01273833673497
3243,1170,3359,1164,horizontal,116.15506876585283
38,2420,38,2244,vertical,176.0
463,839,640,836,horizontal,177.02542190318317
1963,2839,2122,2839,horizontal,159.0
3201,726,3317,726,horizontal,116.0
336,3232,336,2919,vertical,313.0
2545,185,2728,181,horizontal,183.04371062672436
2811,1049,2811,808,vertical,241.0
4728,1535,4841,1537,horizontal,113.01769772916099
2921,1875,2921,1714,vertical,161.0
500,3103,662,3103,horizontal,162.0
2460,3088,2642,3088,horizontal,182.0
184,2141,325,2134,horizontal,141.1736519326464
2920,2781,3021,2783,horizontal,101.01980003939822
3790,2073,3790,1927,vertical,146.0
3738,1557,3738,1415,vertical,142.0
2511,2487,2637,2487,horizontal,126.0
4780,1011,4908,1013,horizontal,128.01562404644207
3194,1235,3199,1375,vertical,140.089257261219
3696,3208,3850,3208,horizontal,154.0
4285,2709,4395,2707,horizontal,110.01818031580054
2545,186,2728,183,horizontal,183.02458851203573
4747,2702,4878,2698,horizontal,131.06105447462264
2290,2750,2390,2749,horizontal,100.00499987500625
12,2786,12,2400,vertical,386.0
4433,3200,4548,3200,horizontal,115.0
191,785,310,783,horizontal,119.01680553602503
4398,3186,4525,3186,horizontal,127.0
2625,459,2740,457,horizontal,115.0173899895142
13,2141,13,1683,vertical,458.0
455,2111,560,2108,horizontal,105.04284840006957
3009,376,3165,376,horizontal,156.0
1059,2769,1194,2757,horizontal,135.5322839769182
966,2252,1069,2252,horizontal,103.0
1934,2406,2039,2384,horizontal,107.28000745712129
191,389,426,393,horizontal,235.03404008781365
2286,2996,2819,2996,horizontal,533.0
1760,861,1760,440,vertical,421.0
3872,3149,3998,3149,horizontal,126.0
4827,830,4940,830,horizontal,113.0
277,2297,398,2289,horizontal,121.26417442921878
4789,1504,4947,1504,horizontal,158.0
2017,2840,2122,2847,horizontal,105.23307464861035
4711,855,4842,857,horizontal,131.01526628603247
4709,2727,4819,2724,horizontal,110.04090148667449
1951,2792,2081,2790,horizontal,130.01538370516005
3696,2953,3798,2962,horizontal,102.39628899525607
512,656,687,656,horizontal,175.0
246,1729,348,1726,horizontal,102.04410811016969
3754,1687,3754,1556,vertical,131.0
3287,3159,3428,3159,horizontal,141.0
1291,715,1420,715,horizontal,129.0
277,1555,418,1555,horizontal,141.0
3872,3158,4001,3158,horizontal,129.0
3792,2074,3792,1927,vertical,147.0
4709,175,4837,168,horizontal,128.191263352851
2821,1233,2940,1233,horizontal,119.0
1889,2736,2138,2736,horizontal,249.0
55,2709,55,2352,vertical,357.0
638,1612,638,1447,vertical,165.0
2492,1602,2654,1596,horizontal,162.11107303327555
1298,2762,1402,2762,horizontal,104.0
1165,1408,1279,1410,horizontal,114.0175425099138
1109,2254,1109,2132,vertical,122.0
2303,2758,2445,2753,horizontal,142.08800090085018
4316,2762,4450,2764,horizontal,134.01492454200763
2918,2726,3060,2728,horizontal,142.01408380861386
1492,3252,1816,3252,horizontal,324.0
3254,3211,3411,3211,horizontal,157.0
2300,3017,2617,3017,horizontal,317.0
555,389,721,394,horizontal,166.0752841334315
4398,1484,4536,1484,horizontal,138.0
1105,2421,1105,2306,vertical,115.0
2518,1598,2656,1593,horizontal,138.0905500025255
3201,740,3322,742,horizontal,121.01652779682617
1925,981,2025,984,horizontal,100.04498987955368
1218,2716,1318,2718,horizontal,100.0199980003999
2041,203,2205,201,horizontal,164.01219466856725
543,422,676,426,horizontal,133.06013678032951
191,770,332,765,horizontal,141.088624630053
56,2710,56,2352,vertical,358.0
4816,325,4920,322,horizontal,104.04326023342406
2854,3039,3215,3039,horizontal,361.0
4853,3010,4982,3016,horizontal,129.1394595001853
2422,3164,2577,3164,horizontal,155.0
3677,3172,3677,3011,vertical,161.0
1279,1413,1410,1413,horizontal,131.0
3381,1395,3395,1194,vertical,201.48697228356974
3489,1637,3489,1404,vertical,233.0
298,836,428,831,horizontal,130.09611831257686
4398,3188,4525,3188,horizontal,127.0
187,1773,306,1765,horizontal,119.26860441876563
1555,2773,1670,2765,horizontal,115.27792503337315
1585,1844,1718,1767,horizontal,153.68148880070103
3408,3030,3520,3030,horizontal,112.0
191,384,341,384,horizontal,150.0
58,2786,58,2347,vertical,439.0
3532,2405,3532,1918,vertical,487.0
2301,2707,2413,2705,horizontal,112.01785571952357
1030,2406,1032,2264,vertical,142.01408380861386
2383,3166,2546,3166,horizontal,163.0
1471,1030,1471,885,vertical,145.0
2302,2810,2423,2810,horizontal,121.0
292,2165,399,2165,horizontal,107.0
2916,2809,3075,2809,horizontal,159.0
453,2779,596,2779,horizontal,143.0
4710,284,4882,275,horizontal,172.23530416264836
3198,2168,3198,1872,vertical,296.0
2058,2054,2058,1801,vertical,253.0
3195,1235,3205,1374,vertical,139.35924798878617
2545,180,2728,180,horizontal,183.0
298,445,428,445,horizontal,130.0
2286,3026,2824,3026,horizontal,538.0
2565,1796,2749,1796,horizontal,184.0
4497,2971,4601,2971,horizontal,104.0
480,2113,611,2109,horizontal,131.06105447462264
191,2868,353,2865,horizontal,162.02777539668932
1625,3217,1786,3217,horizontal,161.0
318,397,428,397,horizontal,110.0
363,3147,600,3147,horizontal,237.0
2564,1786,2667,1788,horizontal,103.01941564578979
2641,3115,2747,3115,horizontal,106.0
3761,2953,3895,2958,horizontal,134.09325113517085
1710,1653,1710,1520,vertical,133.0
3293,1415,3293,1275,vertical,140.0
3880,2807,4040,2807,horizontal,160.0
1614,2360,1614,1876,vertical,484.0
4791,1130,4911,1130,horizontal,120.0
1392,469,1493,475,horizontal,101.17806086301516
617,3075,884,3075,horizontal,267.0
3034,2757,3147,2753,horizontal,113.07077429645558
1103,360,1103,243,vertical,117.0
2042,2738,2144,2738,horizontal,102.0
553,2858,685,2858,horizontal,132.0
3080,729,3185,729,horizontal,105.0
1429,473,1529,468,horizontal,100.12492197250393
4780,1121,4911,1123,horizontal,131.01526628603247
2551,2168,2676,2168,horizontal,125.0
809,2763,946,2760,horizontal,137.03284277865654
2915,3041,3119,3041,horizontal,204.0
190,642,324,635,horizontal,134.18271125595876
1634,2709,1736,2705,horizontal,102.07840124139877
589,2300,702,2302,horizontal,113.01769772916099
2057,2159,2057,1936,vertical,223.0
2686,1365,2825,1365,horizontal,139.0
3981,2724,4116,2731,horizontal,135.18135966175217
4816,200,4929,200,horizontal,113.0
1297,3007,1419,3007,horizontal,122.0
4675,1099,4805,1093,horizontal,130.13838787997952
1245,2759,1402,2773,horizontal,157.62296786953354
1424,1185,1424,1028,vertical,157.0
298,834,405,830,horizontal,107.07474025184464
561,384,692,386,horizontal,131.01526628603247
1010,2561,1132,2540,horizontal,123.79418403139947
2964,3154,3108,3154,horizontal,144.0
1108,2012,1108,1736,vertical,276.0
3544,3192,3544,3053,vertical,139.0
2684,1368,2869,1368,horizontal,185.0
4107,542,4233,540,horizontal,126.01587201618692
1421,2319,1421,2134,vertical,185.0
4497,2960,4624,2960,horizontal,127.0
2539,320,2667,309,horizontal,128.47178678604885
3468,3185,3599,3185,horizontal,131.0
2797,2766,2923,2766,horizontal,126.0
2281,3135,2569,3135,horizontal,288.0
1454,1084,1557,1078,horizontal,103.1746092796091
635,1610,635,1445,vertical,165.0
4043,549,4233,552,horizontal,190.02368273454758
2647,2291,2752,2289,horizontal,105.01904589168576
3056,2945,3200,2945,horizontal,144.0
4347,1111,4490,1104,horizontal,143.17122615944868
3872,3157,4000,3157,horizontal,128.0
51,2623,51,2409,vertical,214.0
1616,2360,1616,1876,vertical,484.0
4175,194,4334,194,horizontal,159.0
2276,1141,2382,1151,horizontal,106.47065323364932
568,419,674,419,horizontal,106.0
2603,1407,2734,1402,horizontal,131.0953851209111
4536,3119,4648,3119,horizontal,112.0
191,645,323,636,horizontal,132.30646242719968
3445,2741,3572,2739,horizontal,127.01574705523721
3411,2862,3536,2862,horizontal,125.0
4433,3201,4548,3201,horizontal,115.0
4811,2186,4911,2188,horizontal,100.0199980003999
3033,2758,3146,2758,horizontal,113.0
3359,2755,3516,2758,horizontal,157.0286598045083
1685,1790,1995,1790,horizontal,310.0
2461,3097,2706,3097,horizontal,245.0
190,764,331,764,horizontal,141.0
1912,1138,2018,1134,horizontal,106.07544484940895
2300,2950,2767,2950,horizontal,467.0
215,2134,326,2128,horizontal,111.16204388189342
4658,1863,4658,1724,vertical,139.0
288,2324,394,2328,horizontal,106.07544484940895
286,1545,400,1539,horizontal,114.15778554264269
1912,1141,2028,1137,horizontal,116.06894502837527
188,1755,295,1742,horizontal,107.78682665335315
4824,2135,4938,2145,horizontal,114.43775600735974
2841,2048,2841,1923,vertical,125.0
2674,2388,2802,2379,horizontal,128.3160161476345
4711,858,4842,858,horizontal,131.0
1613,2364,2394,2364,horizontal,781.0
2523,1695,2662,1692,horizontal,139.0323703315167
465,441,601,443,horizontal,136.01470508735443
363,3112,602,3112,horizontal,239.0
199,363,325,365,horizontal,126.01587201618692
2545,191,2729,184,horizontal,184.13310403075272
1757,861,1757,439,vertical,422.0
2289,2997,2820,2997,horizontal,531.0
2867,2708,3073,2708,horizontal,206.0
3359,2756,3503,2763,horizontal,144.1700384962146
2379,3045,2545,3045,horizontal,166.0
195,2894,480,2884,horizontal,285.17538463198395
1912,2847,2063,2849,horizontal,151.0132444522665
2549,321,2693,309,horizontal,144.49913494550754
3412,2855,3534,2855,horizontal,122.0
363,3182,590,3182,horizontal,227.0
3949,2727,4115,2732,horizontal,166.0752841334315
298,446,428,446,horizontal,130.0
516,2114,626,2109,horizontal,110.11357772772621
3541,520,3644,527,horizontal,103.23759005323593
2764,821,2764,699,vertical,122.0
2340,2855,2464,2864,horizontal,124.32618388738553
212,1774,320,1774,horizontal,108.0
1653,3209,1841,3209,horizontal,188.0
4710,283,4866,275,horizontal,156.20499351813308
4398,3181,4518,3181,horizontal,120.0
2483,2493,2637,2501,horizontal,154.20765220960988
3613,2492,3613,2195,vertical,297.0
409,2862,540,2860,horizontal,131.01526628603247
2383,3158,2546,3158,horizontal,163.0
4674,3004,4791,3010,horizontal,117.15374513859982
786,1799,786,1613,vertical,186.0
3673,3172,3673,3011,vertical,161.0
8,2785,8,2636,vertical,149.0
2282,3145,2568,3145,horizontal,286.0
4059,3171,4059,3011,vertical,160.0
190,412,323,410,horizontal,133.01503674397117
294,1803,420,1803,horizontal,126.0
60,2624,60,2489,vertical,135.0
215,413,323,413,horizontal,108.0
541,1759,641,1768,horizontal,100.40418317978589
635,443,770,441,horizontal,135.0148140020198
1625,3218,1786,3218,horizontal,161.0
819,442,936,440,horizontal,117.01709276853532
512,813,671,810,horizontal,159.02829936838285
188,1727,334,1722,horizontal,146.08559134972896
606,3178,766,3178,horizontal,160.0
3916,2755,4028,2755,horizontal,112.0
423,2718,594,2718,horizontal,171.0
2310,2816,2438,2814,horizontal,128.01562404644207
3597,864,3597,753,vertical,111.0
294,1800,423,1798,horizontal,129.0155029444136
2914,2732,3021,2729,horizontal,107.0420478129973
4062,3171,4062,3012,vertical,159.0
4356,1118,4458,1115,horizontal,102.04410811016969
2418,2970,2688,2970,horizontal,270.0
860,2300,860,2162,vertical,138.0
2342,2852,2464,2862,horizontal,122.40914998479485
2675,3137,3037,3137,horizontal,362.0
2585,2661,2722,2657,horizontal,137.05838172107534
4421,328,4561,330,horizontal,140.0142849854971
4538,3103,4648,3105,horizontal,110.01818031580054
3666,2067,3683,2189,vertical,123.17873193047572
425,3114,662,3114,horizontal,237.0
2346,2831,2506,2831,horizontal,160.0
2924,1875,2924,1710,vertical,165.0
1109,2012,1109,1835,vertical,177.0
1926,991,2063,991,horizontal,137.0
2418,2974,2846,2974,horizontal,428.0
59,2689,59,2352,vertical,337.0
1047,3245,1763,3245,horizontal,716.0
788,1799,788,1613,vertical,186.0
4284,2617,4449,2619,horizontal,165.01212076693034
3247,1173,3359,1167,horizontal,112.16059914247963
1593,2761,1716,2761,horizontal,123.0
1652,3214,1813,3214,horizontal,161.0
191,2867,311,2865,horizontal,120.01666550941998
3718,2209,3846,2081,vertical,181.01933598375618
3717,2207,3847,2077,vertical,183.84776310850236
4741,1983,4857,1989,horizontal,116.15506876585283
3641,3172,3641,3011,vertical,161.0
2311,2725,2489,2725,horizontal,178.0
191,612,370,618,horizontal,179.10053042914194
3365,2817,3469,2819,horizontal,104.01922899156675
3494,3191,3598,3191,horizontal,104.0
1961,1579,1961,1346,vertical,233.0
3637,3172,3637,3011,vertical,161.0
1586,1846,1706,1777,horizontal,138.42326394071193
4778,1982,4900,1991,horizontal,122.3315167894194
112,3236,112,3131,vertical,105.0
425,3107,662,3107,horizontal,237.0
538,660,752,660,horizontal,214.0
2310,2740,2410,2734,horizontal,100.17983829094555
4676,1102,4838,1096,horizontal,162.11107303327555
167,2871,313,2871,horizontal,146.0
1459,203,1583,200,horizontal,124.03628501370073
3753,1875,3753,1744,vertical,131.0
3409,3029,3520,3029,horizontal,111.0
2394,2351,2394,1916,vertical,435.0
2397,2360,2397,2038,vertical,322.0
4654,1853,4654,1735,vertical,118.0
4622,3208,4762,3208,horizontal,140.0
3702,2221,3847,2076,vertical,205.0609665440988
4673,979,4837,981,horizontal,164.01219466856725
198,1775,320,1775,horizontal,122.0
201,2863,303,2860,horizontal,102.04410811016969
361,3038,497,3038,horizontal,136.0
2009,2840,2122,2848,horizontal,113.28283188550682
2296,329,3872,329,horizontal,1576.0
2282,3002,2503,3002,horizontal,221.0
1298,2763,1402,2770,horizontal,104.23531071570709
4162,193,4335,193,horizontal,173.0
2877,2944,3019,2944,horizontal,142.0
297,1605,425,1607,horizontal,128.01562404644207
1139,2735,1267,2735,horizontal,128.0
104,3127,106,3231,vertical,104.01922899156675
3864,3207,4002,3207,horizontal,138.0
3872,3155,4000,3155,horizontal,128.0
4704,3003,4814,3009,horizontal,110.16351483136329
2913,3165,3018,3165,horizontal,105.0
608,3176,717,3176,horizontal,109.0
806,2478,1230,2478,horizontal,424.0
4683,980,4783,981,horizontal,100.00499987500625
3730,3119,3929,3005,horizontal,229.34035841953332
4497,2963,4623,2963,horizontal,126.0
214,1565,317,1564,horizontal,103.00485425454472
274,2164,399,2164,horizontal,125.0
363,3151,512,3151,horizontal,149.0
2281,3142,2569,3142,horizontal,288.0
2498,1799,2534,1900,vertical,107.2240644631605
938,1916,938,1765,vertical,151.0
3254,3210,3411,3210,horizontal,157.0
3734,3111,3906,3012,horizontal,198.45654436173174
682,3039,802,3039,horizontal,120.0
1583,203,1734,201,horizontal,151.0132444522665
1288,2764,1392,2773,horizontal,104.38869670610895
2672,890,2672,767,vertical,123.0
2458,3119,2666,3119,horizontal,208.0
4345,2030,4477,2030,horizontal,132.0
3880,2808,4040,2808,horizontal,160.0
2339,2858,2464,2866,horizontal,125.25573839150046
361,3074,474,3074,horizontal,113.0
3468,3183,3596,3183,horizontal,128.0
3718,2210,3843,2085,vertical,176.7766952966369
1894,420,1894,306,vertical,114.0
2340,2869,2463,2869,horizontal,123.0
105,3127,107,3234,vertical,107.01868995647442
3757,2213,3870,2202,horizontal,113.53413583587978
361,3073,497,3073,horizontal,136.0
2629,566,2768,566,horizontal,139.0
4668,2709,4844,2709,horizontal,176.0
2304,2759,2431,2759,horizontal,127.0
235,2918,550,2918,horizontal,315.0
2460,3095,2836,3095,horizontal,376.0
361,3046,660,3046,horizontal,299.0
206,1772,319,1765,horizontal,113.21660655575224
2568,321,2714,309,horizontal,146.4923206178399
4173,192,4335,192,horizontal,162.0
2418,2971,2845,2971,horizontal,427.0
1927,1143,2028,1140,horizontal,101.04454463255303
958,553,1061,552,horizontal,103.00485425454472
1445,1072,1445,917,vertical,155.0
1450,441,1739,441,horizontal,289.0
4398,3187,4525,3187,horizontal,127.0
3968,2050,4031,1885,vertical,176.61823235442031
1799,948,1896,851,vertical,137.17871555019022
1613,2361,1613,1802,vertical,559.0
3419,2840,3554,2838,horizontal,135.0148140020198
1844,1028,1844,885,vertical,143.0
3616,2459,3616,1932,vertical,527.0
4902,1861,4902,1727,vertical,134.0
334,2896,435,2893,horizontal,101.04454463255303
2396,2025,2396,1821,vertical,204.0
1172,838,1172,698,vertical,140.0
306,440,418,439,horizontal,112.0044641967453
2299,3110,2445,3110,horizontal,146.0
1675,855,1675,667,vertical,188.0
3460,2497,3611,2497,horizontal,151.0
3909,3059,4031,3059,horizontal,122.0
2339,2861,2464,2867,horizontal,125.14391715141412
1174,838,1174,698,vertical,140.0
3286,3117,3425,3117,horizontal,139.0
2520,1606,2654,1597,horizontal,134.30189872075525
4676,2132,4786,2141,horizontal,110.3675676999362
2419,2992,2638,2992,horizontal,219.0
2324,2783,2435,2783,horizontal,111.0
3105,1241,3118,1364,vertical,123.68508398347798
298,437,428,437,horizontal,130.0
4711,1536,4841,1539,horizontal,130.034610777285
465,668,1534,668,horizontal,1069.0
3970,2049,4036,1886,vertical,175.85505395068975
3105,1230,3120,1365,vertical,135.83077707206124
3139,1365,3139,1254,vertical,111.0
2545,193,2729,190,horizontal,184.0244548966251
30,2233,30,1810,vertical,423.0
4507,1488,4633,1488,horizontal,126.0
3872,3150,3998,3150,horizontal,126.0
3243,1167,3359,1161,horizontal,116.15506876585283
1133,2713,1235,2713,horizontal,102.0
2913,3167,3018,3167,horizontal,105.0
4773,2702,4879,2700,horizontal,106.01886624558857
1955,1494,1955,1238,vertical,256.0
13,2784,16,2576,vertical,208.02163349036562
1443,1072,1443,917,vertical,155.0
4405,1483,4561,1480,horizontal,156.02884348735012
2601,322,2701,313,horizontal,100.40418317978589
4793,1012,4907,1014,horizontal,114.0175425099138
4900,1863,4900,1724,vertical,139.0
3911,3039,4154,3039,horizontal,243.0
1427,1155,1427,1022,vertical,133.0
1966,2762,2074,2762,horizontal,108.0
4898,1865,4898,1723,vertical,142.0
2726,3159,2877,3159,horizontal,151.0
4780,2730,4909,2734,horizontal,129.0620006043607
2958,977,2958,766,vertical,211.0
628,2162,735,2164,horizontal,107.01868995647442
620,3184,766,3184,horizontal,146.0
4192,3027,4395,3027,horizontal,203.0
4779,264,4882,250,horizontal,103.9471019317037
1033,2264,1035,2406,vertical,142.01408380861386
3674,2108,3695,2245,vertical,138.6001443000692
2673,685,2673,572,vertical,113.0
1716,3208,1841,3208,horizontal,125.0
344,761,447,761,horizontal,103.0
1848,1032,1848,882,vertical,150.0
2733,3143,3038,3143,horizontal,305.0
499,3118,662,3118,horizontal,163.0
1335,203,1461,201,horizontal,126.01587201618692
164,2301,291,2301,horizontal,127.0
3872,3148,3997,3148,horizontal,125.0
2690,3088,2843,3088,horizontal,153.0
364,2892,480,2886,horizontal,116.15506876585283
2335,2781,2435,2781,horizontal,100.0
2725,3164,2898,3164,horizontal,173.0
4108,539,4232,539,horizontal,124.0
1615,2360,1615,2155,vertical,205.0
3328,3131,3636,3131,horizontal,308.0
2387,3040,2553,3040,horizontal,166.0
3411,2867,3535,2869,horizontal,124.01612798341996
3743,1549,3743,1446,vertical,103.0
2458,3109,2666,3109,horizontal,208.0
3731,3098,3835,3098,horizontal,104.0
3468,3181,3592,3181,horizontal,124.0
1344,3218,1457,3218,horizontal,113.0
3244,1172,3359,1166,horizontal,115.15641536623133
2545,181,2718,181,horizontal,173.0
3412,2857,3535,2857,horizontal,123.0
4780,2185,4884,2196,horizontal,104.58011283222064
1895,310,1897,420,vertical,110.01818031580054
3880,2813,4015,2813,horizontal,135.0
3903,1580,3910,1478,vertical,102.23991392797629
361,3045,660,3045,horizontal,299.0
3442,2738,3546,2738,horizontal,104.0
3903,3075,4154,3075,horizontal,251.0
2829,2758,2952,2754,horizontal,123.06502346320826
4518,1126,4618,1124,horizontal,100.0199980003999
1540,691,1540,577,vertical,114.0
1106,2421,1106,2269,vertical,152.0
2383,3165,2574,3165,horizontal,191.0
3369,2842,3578,2842,horizontal,209.0
3286,3116,3425,3116,horizontal,139.0
2590,3168,3143,3168,horizontal,553.0
1042,2479,1221,2479,horizontal,179.0
2853,978,2892,1092,vertical,120.48651376813922
2407,3115,2628,3115,horizontal,221.0
297,2891,419,2889,horizontal,122.01639234135715
2245,1915,2263,1786,vertical,130.24976007655445
4424,3191,4524,3191,horizontal,100.0
2539,309,2657,309,horizontal,118.0
3393,1312,3398,1186,vertical,126.09916732476864
838,2768,944,2768,horizontal,106.0
2799,3156,3139,3156,horizontal,340.0
4497,2962,4624,2962,horizontal,127.0
3615,2037,3615,1928,vertical,109.0
2809,1250,2912,1251,horizontal,103.00485425454472
3401,2755,3517,2757,horizontal,116.01724009818541
4835,1983,4938,1993,horizontal,103.4842983258813
409,2864,540,2862,horizontal,131.01526628603247
1419,2319,1419,2144,vertical,175.0
1273,203,1399,201,horizontal,126.01587201618692
2346,2834,2506,2836,horizontal,160.0124995117569
2729,2544,2729,2434,vertical,110.0
2394,3091,2678,3091,horizontal,284.0
285,593,399,589,horizontal,114.0701538527936
2726,3166,2898,3166,horizontal,172.0
3732,1487,3732,1345,vertical,142.0
1855,2918,2538,2918,horizontal,683.0
1913,2401,2029,2397,horizontal,116.06894502837527
3600,864,3600,749,vertical,115.0
2383,3157,2546,3157,horizontal,163.0
3836,3101,3918,3034,horizontal,105.89145385724005
2854,992,2890,1101,vertical,114.79111463872106
4496,3206,4705,3206,horizontal,209.0
2569,2180,2676,2185,horizontal,107.11675872616759
3032,3167,3138,3167,horizontal,106.0
3196,2160,3196,2048,vertical,112.0
2536,3041,2700,3039,horizontal,164.01219466856725
1946,2798,2068,2794,horizontal,122.06555615733703
327,2895,534,2888,horizontal,207.1183236703117
3480,1769,3480,1446,vertical,323.0
425,3186,532,3186,horizontal,107.0
783,3069,884,3069,horizontal,101.0
4398,3190,4525,3190,horizontal,127.0
1171,203,1337,201,horizontal,166.01204775557707
199,640,324,634,horizontal,125.14391715141412
210,1376,317,1378,horizontal,107.01868995647442
872,3252,1163,3252,horizontal,291.0
1625,3219,1845,3219,horizontal,220.0
2544,321,2685,309,horizontal,141.50971698084905
3286,3158,3428,3158,horizontal,142.0
2778,3038,3215,3038,horizontal,437.0
1424,2292,1426,2157,vertical,135.0148140020198
2854,3047,3216,3047,horizontal,362.0
436,2324,823,2324,horizontal,387.0
2289,2969,2406,2969,horizontal,117.0
2458,3117,2666,3117,horizontal,208.0
1929,203,2104,200,horizontal,175.025712396779
106,3037,110,3235,vertical,198.04039991880444
11,2298,11,2153,vertical,145.0
1543,2793,1656,2793,horizontal,113.0
606,3179,724,3179,horizontal,118.0
509,3041,650,3043,horizontal,141.01418368376991
9,2784,9,2599,vertical,185.0
606,3187,766,3187,horizontal,160.0
1124,553,1251,553,horizontal,127.0
4744,137,4874,130,horizontal,130.18832512940628
2820,2945,3043,2945,horizontal,223.0
2416,2946,2736,2946,horizontal,320.0
4398,3185,4525,3185,horizontal,127.0
2617,189,2727,187,horizontal,110.01818031580054
2727,2544,2727,2434,vertical,110.0
2854,3048,3216,3048,horizontal,362.0
3772,3173,3971,3058,horizontal,229.83907413666634
1687,920,1756,841,vertical,104.89041900955492
2301,3139,2479,3139,horizontal,178.0
4869,315,4974,315,horizontal,105.0
4756,2697,4878,2697,horizontal,122.0
361,3040,512,3042,horizontal,151.0132444522665
2287,2288,2287,2110,vertical,178.0
2384,2707,2485,2706,horizontal,101.00495037373169
3759,3173,3959,3058,horizontal,230.70543990118657
682,3046,805,3046,horizontal,123.0
3880,3208,4003,3208,horizontal,123.0
13,2442,15,2611,vertical,169.01183390520322
3872,3151,3998,3151,horizontal,126.0
2785,2939,2909,2941,horizontal,124.01612798341996
10,2784,10,2416,vertical,368.0
3533,2405,3533,2244,vertical,161.0
1109,2420,1109,2303,vertical,117.0
362,3033,486,3035,horizontal,124.01612798341996
105,3033,108,3193,vertical,160.0281225285106
2300,2944,2566,2944,horizontal,266.0
847,1741,950,1752,horizontal,103.58571330062848
829,1877,936,1877,horizontal,107.0
447,3183,590,3183,horizontal,143.0
2913,3169,3017,3169,horizontal,104.0
2464,3116,2585,3116,horizontal,121.0
2332,2817,2437,2815,horizontal,105.01904589168576
620,3181,724,3181,horizontal,104.0
16,2785,16,2638,vertical,147.0
1397,3253,1508,3253,horizontal,111.0
1625,3216,1815,3216,horizontal,190.0
2641,3113,2748,3113,horizontal,107.0
2695,2967,2840,2967,horizontal,145.0
759,3077,860,3077,horizontal,101.0
